{
    "averages": {
        "allAp": 0.01999016060804102,
        "allAp50%": 0.057800751290705436,
        "classes": {
            "bicycle": {
                "ap": 0.0036549805759547443,
                "ap50%": 0.020958172461242743
            },
            "bus": {
                "ap": 0.03017130700884303,
                "ap50%": 0.08446917731359273
            },
            "car": {
                "ap": 0.06025742988263322,
                "ap50%": 0.1374314388783663
            },
            "motorcycle": {
                "ap": 0.0,
                "ap50%": 0.0
            },
            "person": {
                "ap": 0.022992637496142145,
                "ap50%": 0.08705909180874351
            },
            "rider": {
                "ap": 0.0028646086846729826,
                "ap50%": 0.016886627282287296
            }
        }
    },
    "distanceThresholds": [
        Infinity,
        100.0,
        50.0
    ],
    "instLabels": [
        "person",
        "rider",
        "car",
        "bus",
        "motorcycle",
        "bicycle"
    ],
    "minRegionSizes": [
        100,
        1000,
        1000
    ],
    "minStereoDensities": [
        -Infinity,
        0.5,
        0.5
    ],
    "overlaps": [
        0.5,
        0.55,
        0.6000000000000001,
        0.6500000000000001,
        0.7000000000000002,
        0.7500000000000002,
        0.8000000000000003,
        0.8500000000000003,
        0.9000000000000004,
        0.9500000000000004
    ],
    "resultApMatrix": [
        [
            [
                0.08705909180874351,
                0.06343738703330964,
                0.03941896185399675,
                0.023382070590685873,
                0.011077951777006895,
                0.004405833441445298,
                0.0008317979454377697,
                0.00027268446881846217,
                4.059604197725745e-05,
                0.0
            ],
            [
                0.016886627282287296,
                0.006302693298907888,
                0.0035670702393780633,
                0.0018759531552708527,
                6.871435442864015e-06,
                6.871435442864015e-06,
                0.0,
                0.0,
                0.0,
                0.0
            ],
            [
                0.1374314388783663,
                0.11998001125857363,
                0.10350542819204897,
                0.08730021773272248,
                0.07063777532680639,
                0.049496189511675046,
                0.026467832279612396,
                0.007477033507652057,
                0.00027837213887491215,
                0.0
            ],
            [
                0.08446917731359273,
                0.042190529945270006,
                0.04213951403092946,
                0.041148598452893995,
                0.038739145627659455,
                0.020563964636513235,
                0.020563964636513235,
                0.009347155036894981,
                0.002551020408163265,
                0.0
            ],
            [
                0.0,
                0.0,
                0.0,
                0.0,
                0.0,
                0.0,
                0.0,
                0.0,
                0.0,
                0.0
            ],
            [
                0.020958172461242743,
                0.010937786056098712,
                0.004017519153373765,
                0.0006005716925103323,
                3.57563963218879e-05,
                0.0,
                0.0,
                0.0,
                0.0,
                0.0
            ]
        ]
    ]
}